short_url,long_url
8pU2Jp,https://www.geeksforgeeks.org/implement-min-heap-using-stl/
QplWbb,https://www.geeksforgeeks.org/
lMXGWb,https://www.trivago.in/?cip=91030227040912&cip_tc=12891-101-101_privacy_1690063466400900001&cip_ext_id=1690063466400900001&mfadid=adm
f45MX9,https://www.geeksforgeeks.org/
UtQXRQ,https://www.geeksforgeeks.org/
OvCzlF,https://www.trivago.in/?cip=91030227040912&cip_tc=12891-101-101_privacy_1690063466400900001&cip_ext_id=1690063466400900001&mfadid=adm
2Q2T7h,https://www.linkedin.com/
jUs62f,https://www.geeksforgeeks.org/
SJrn6E,https://www.geeksforgeeks.org/
yrYpC8,https://www.geeksforgeeks.org/
zB8DsV,https://www.trivago.in/?cip=91030227040912&cip_tc=12891-101-101_privacy_1690063466400900001&cip_ext_id=1690063466400900001&mfadid=adm
FXzpl5,https://www.linkedin.com/
vUJGiA,https://www.amazon.in/?tag=admpdesktopin-21&ref=pd_sl_4453307173ab168cef6ba9123ad9ab0530aeca938027eb32635950b4&mfadid=adm
jeW7h3,https://www.geeksforgeeks.org/
nqI7hG,https://www.trivago.in/?cip=91030227040912&cip_tc=12891-101-101_privacy_1690063466400900001&cip_ext_id=1690063466400900001&mfadid=adm
